63976,–Ω—É —Å–ø–æ—Ä–∏—Ç—å –Ω–µ –±—É–¥—É, —è –≤–∑—è–ª –∏–∑ –ª–µ–≤–æ–π —Å—Ç–∞—Ç—å–∏ –≤ –∏–Ω—Ç–µ—Ä–Ω–µ—Ç–µ, –∫–Ω–∏–≥–∞ –∫–∞–∫ –∏—Å—Ç–æ—á–Ω–∏–∫ –ø–æ–ª—É—á—à–µ
64692,—Ç—É—Ç –Ω–µ –ø—Ä–æ –ü–æ–ª—å—à—É –∏ —Ä–µ—á—å
64692,–ø–æ–ª—å—à–∞ —ç—Ç–æ –¥—ã—Ä—è–≤–∞—è —Ö—Ä–µ–Ω—å –º–∏—Ä–∞
64616,–∫—É–ª–∞–∫–∏ –º–æ–∂–Ω–æ —Å–ª–æ–º–∞—Ç—å –µ—Å–ª–∏ –æ–Ω–∏ –∫–ª–∞—Å—Å
63976,—Ö–∞—Ä–∞–∫–∏—Ä–∏ —á—Ç–æ –ª–∏))$$
64703,–†–æ–∂–∞ –¥–∏ –ö–∞–ø—Ä–∏–æ, —à–æ –∑–∞ —Ö—Ä–µ–Ω—å?
63976,—è –≤–∏–¥–∏–º–æ –æ—à–∏–±—Å—è, —è –ø–æ—Å–º–æ—Ç—Ä–µ–ª –µ—â–µ —Ä–∞–∑, –ø–æ –æ–¥–Ω–æ–π –∏–∑ –≤–µ—Ä—Å–∏–π –æ–Ω –æ—Ç–∫–∞–∑–∞–ª—Å—è –ø—Ä–∏–Ω–∏–º–∞—Ç—å –ø–∏—â—É –∏ –∑–∞–º–æ—Ä–∏–ª —Å–µ–±—è –≥–æ–ª–æ–¥–æ–º.
63976,–Ω–æ—Ä–º–∞–ª—å–Ω–æ —Ç–∞–∫
64636,–∫—Ä–æ–º–µ –ª–µ–¥–æ—Ä—É–±–∞
64636,–±–æ–∂–µ, –ø—Ä–∏–¥—É–º–∞–π —á—Ç–æ-—Ç–æ –ø–æ —Å–º–µ—à–Ω–µ–µ, –ø–æ —Ä–∞—Å–∫–∏–Ω—å –º–æ–∑–≥–∞–º–∏
63976,—Å–µ–ø–ø—É–∫—É
64745,–¢–†–£ –ó–ï –ì–ï–ô–¢–° –û–§ –•–≠–õ. –ê–° –£–ò –ì–û–¢ –ê–£–≠–† –≠–ô –¢–£ –•–ï–ê–í–ï–ù, –¢–†–£ –ó–ï –ù–ê–ó–ò –õ–ê–ê–ê–ê–ê–ê–ô–ù–°.–ü—Ä–ò–º–û –≤–ò–∫–¢–æ–†–∏–ô–ê–ê–ê–ê!!!!!
64636,–Ω–∏—á–µ–≥–æ –≤ –≥–æ–ª–æ–≤—É –Ω–µ –ø—Ä–∏—Ö–æ–¥–∏—Ç
64678,–≤–µ—á–Ω–∞—è –∞–≥–∞
64678,–∞ –∫–∞–∫ –∂–µ —Ü–µ–ª–∏–Ω–∞ –∏ –∫—É–∫—É—Ä—É–∑–∞? –ü–µ—Ä–µ–±–∏–ª —Å–∫–æ—Ç, —á—Ç–æ–±—ã –ø–µ—Ä–µ–≥–Ω–∞—Ç—å –°–®–ê –≤ –ø—Ä–æ–∏–∑–≤–æ–¥—Å—Ç–≤–µ –º—è—Å–∞ - —Ä–µ–∑—É–ª—å—Ç–∞—Ç –±—ã–ª –ø—Ä–µ–¥—Å–∫–∞–∑—É–µ–º)
64612,–ö—ç–ø, —Ç—ã —Å–µ–π—á–∞—Å –∫–∞–∫ –Ω–∏–∫–æ–≥–¥–∞ –Ω—É–∂–µ–Ω.
63976,–Ω–µ, –æ—Ç –ø–Ω–µ–≤–º–∞–Ω–∏–∏ –∂–µ , –∏–ª–∏ –≥–æ–ª–æ–¥–æ–º —É–º–æ—Ä–∏–ª —Å–µ–±—è
63976,–∏ –ø–æ–ª–∏—Ü–µ–π—Å–∫–∏–π –µ–≥–æ —É–¥–∞—Ä–∏–ª?)
64627,–ê –µ—Å—Ç—å –ª–∏ —Ç–∞–∫–∞—è –∫–∞—Ä—Ç–∞, —Ç–æ–ª—å–∫–æ –≤—Å–µ–π –ï–≤—Ä–æ–ø—ã –∏ –≤ —Ö–æ—Ä–æ—à–µ–º –∫–∞—á–µ—Å—Ç–≤–µ?
63976,–∞ —Ç–∞–º –≤–æ–æ–±—â–µ —Å–ª–æ–∂–Ω–∞—è —Å–∏—Ç—É–∞—Ü–∏—è, –∫—Ç–æ-—Ç–æ –≥–æ–≤–æ—Ä–∏—Ç —á—Ç–æ –¶—É–¥–∞ —Å–∞–º –Ω–∞–ø–∞–ª, –∫—Ç–æ-—Ç–æ —á—Ç–æ –µ–≥–æ –ö–æ–ª—è –æ–±–∏–¥–µ–ª.
64636,–û–±–Ω—É–ª—è–π., —Å–ø—Å
64678,–¥–∞ —è –≤–æ–æ–±—â–µ —Ç–∞–∫–æ–≥–æ –º–Ω–µ–Ω–∏—è,—á—Ç–æ –ø–æ—Å–ª–µ —Å–º–µ—Ä—Ç–∏ –ò–æ—Å–∏—Ñ–∞ –í–∏—Å—Å–∞—Ä–∏–æ–Ω–æ–≤–∏—á–∞ –≤—Å–µ –ø–æ –ø–∏–∑–¥–µ –Ω–∞—á–∞–ª–æ –∏–¥—Ç–∏ üòÜ
64703,–ù–∞ –≤–∏–¥ –∫–∞–∫–æ–π —Ç–æ –≤–Ω–µ–±—Ä–∞—á–Ω—ã–π —Å—ã–Ω –≠–¥–≤–∞—Ä–¥–∞ –ù–æ—Ä—Ç–æ–Ω–∞ –∏ –õ–µ–Ω–∏–Ω–∞
64616,–ê –∫—É–ª–∞–∫–æ–≤ –º–æ–∂–Ω–æ —Å–æ—Å–ª–∞—Ç—å 
64630,–∞ —á—Ç–æ –º–µ–∂–¥—É –Ω–∏–º–∏ –±—ã–ª–æ?
63976,–æ–Ω –ø–æ–ª—É—á–∏–ª –æ—Ç –ø–æ–ª–∏—Ü–µ–π—Å–∫–æ–≥–æ –∑–∞ –Ω–µ—É–≤–∞–∂–µ–Ω–∏–µ, –æ–Ω –∑–∞–¥–µ–ª –µ–≥–æ, –≤—Ä–æ–¥–µ
63976,—Å–µ–ø–ø–∫—É –ø—Ä–æ–∏–∑–≤–æ–¥–∏—Ç—Å—è —Å –æ—Ç—Ä—É–±–∞–Ω–∏–µ–º –≥–æ–ª–æ–≤—ã, –∞ —Ö–∞—Ä–∞–∫–∏—Ä–∏-–ø—Ä–æ—Å—Ç–æ —Å–∞–º–æ—É–±–∏–π—Å—Ç–≤–æ
64643,–î–∞ —ç—Ç–æ –æ–Ω –Ω–µ –∑–∞–∫—É—Å–∏–ª –ø—Ä–æ—Å—Ç–æ.
64678,–Ω—É —É –∫–∞–∂–¥–æ–≥–æ —Å–≤–æ–∏ + –∏ - . :D
64703,—à–æ–∫–∏—Ä—É—é—â–µ–µ —Ñ–æ—Ç–æ, –õ–µ–Ω–∏–Ω –ø–∏–∑–¥–∏—Ç –æ—Ä—É–∂–∏–µ —É –≥–µ—Ä–º–∞–Ω–∏–∏ –¥–ª—è —Ä–µ–≤–æ–ª—é—Ü–∏–∏
63976,–æ–Ω —Å–æ–≤–µ—Ä—à–∏–ª —Å—É–∏—Ü–∏–¥-–∂–∏–≤–æ—Ç —Ä–∞–∑—Ä–µ–∑–∞–ª.
64692,–ø–æ–ª—å—à–∞ –Ω–µ –º–∏—Ä
63976,—ç—Ç–æ —Ç–æ–∂–µ –≤–µ—Ä–Ω–æ, –Ω–æ –≤–æ –≤—Ä–µ–º—è —Å–µ–ø–ø—É–∫–∏ –Ω–∞–∑–Ω–∞—á–∞–µ—Ç—Å—è –∫–∞–π—Å—è–∫—É, –∫–æ—Ç–æ—Ä—ã–π –∏ –æ—Ç—Ä—É–±–∞–µ—Ç –≥–æ–ª–æ–≤—É
64692,–ó–∞–µ–±–∞–ª–∏ –ø—Ä–æ –≤—Ç–æ—Ä—É—é –º–∏—Ä–æ–≤—É—é –æ–¥–Ω–æ–æ–±—Ä–∞–∑–Ω–æ–µ –ª–µ–ø–∏—Ç—å–ë–æ–ª—å—à–µ –Ω–∏—á–µ–≥–≥ –∏ –Ω–µ –∑–Ω–∞–µ—Ç–µ
63976,–°—É–¥—è –ø–æ —Å–æ–±—ã—Ç–∏—è–º –≤ –û—Ü—É, –æ–Ω —Ç–æ–∂–µ —Å–µ–±—è –Ω–µ –æ—á–µ–Ω—å –≤–µ–ª...
64661,üòåüëç
64643,–®–∫—É—Ä–∞ –ø—Ä–æ–ø–∏–≤—à–∞—è —Å—Ç—Ä–∞–Ω—É!
64612,–ª–∏–ø—Ç–æ–Ω
64643,–ê–ª–∫–∞—à
64643,–ü–æ—á–µ–º—É –ï–ª—å—Ü–∏–Ω –∏ –¢—Ä–∞–º–ø –ø–æ—Ö–æ–∂–∏?
64636,–ª—É—á—à–∏–π –∫–æ–º–µ–Ω—Ç –ø–æ –º–Ω–µ–Ω–∏—é –æ–¥–º–µ–Ω–∞ –æ–±–Ω—É–ª—è—è
64678,–ó–∞–≤—Ç—Ä–∞ –Ω–∞ –ø–∞—Ä–∞—Ö –±—É–¥–µ—Ç —Å–µ–º–∏–Ω–∞—Ä –ø–æ –ö—É–∫—É—Ä—É–∑–≤–µ–ª—å—Ç—É. 22 —Å—ä–µ–∑–¥. –ù–∏–∫–∏—Ç–∫–∞ –¥–µ–ª –Ω–∞–≤–æ—Ä–æ—Ç–∏–ª, –∫–æ–Ω–µ—á–Ω–æ))0 –°—Ç–æ–ª—å–∫–æ –Ω–∞–ø–∏–∑–¥–µ—Ç—å, —ç—Ç–æ –∂–µ –Ω–∞–¥–æ –±—ã–ª–æ –ø–æ—Å—Ç–∞—Ä–∞—Ç—å—Å—è, —É –Ω–µ–≥–æ –ø—Ä—è–º –ø—è—Ç–∏–ª–µ—Ç–∫–∞ –ø–æ –ø–∏–∑–¥–µ–∂—É –±—ã–ª–∞ –ø–µ—Ä–µ–≤—ã–ø–æ–ª–Ω–µ–Ω–∞)
64630,–û–∫—Ç–∞–≤–∏–∞–Ω –ê–≤–≥—É—Å—Ç –∏ –ú–∞—Ä–∫ –ê–Ω—Ç–æ–Ω–∏–π.
64616,—Ç–∞–∫ —Ç—Ä–µ–±—É—é –ø–æ–¥—Å–∫–∞–∑–∫–∏ –ø–∏–∫—á–∏!
64678,–Ω–µ-–∞,–ø–∏–∑–¥–µ–∂ - —Å–∞–º–æ–µ —Ç–æ.
64722,–£ –≤–∞—Å –ø–∏–≤–æ, —Å–∏–≥–∞—Ä–µ—Ç—ã, –≤–æ–¥–æ—á–∫–∞... –£ –Ω–∞—Å –¥–æ–º, —É—á–µ–±–∞ –∏ –±—É—Ç—ã–ª–æ—á–∫–∞!
64145,#–ø—Ä–æ—Ç–µ—Å—Ç–∞–Ω—Ç—ã–Ω–µ–Ω—É–∂–Ω—ã
64616,–Ω–∞–¥–æ —Å—Ä–∞–∑—É —Ä—É–∫—É –ª–æ–º–∞—Ç—å.
63976,–Ω—É —É –ø–∞—Ü–∞–Ω–æ–≤ —Å–≤–æ–∏ –¥–µ–ª–∞ –≤–∏–¥–∏–º–æ –±—ã–ª–∏, –∂–∞–ª—å —Å–∞–º—É—Ä–∞—è, –ø—Ä–æ—á–µ–ª —á—Ç–æ –æ–Ω –æ—Ç–∫–∏–Ω—É–ª—Å—è –Ω–∞ –∑–æ–Ω–µ
63976,–ø–æ–ª–∏—Ü–µ–π—Å–∫–∏–π-–°—É–¥–∞ –°–∞–Ω–¥–∑–æ, –≤—Ä–æ–¥–µ. –ë—ã–≤—à–∏–π —Å–∞–º—É—Ä–∞–π
64661,—Ä–æ–º–º–µ–ª—å?
64630,–¶–µ–∑–∞—Ä—å –∏ –ö—Ä–∞—Å—Å?
64678,–Ω–æ –ù–∏–∫–∏—Ç–∞ –∫–æ–Ω–µ—á–Ω–æ –º–∞—Å—Ç–µ—Ä –º–µ–∂–¥—É–Ω–∞—Ä–æ–¥–Ω–æ–≥–æ –∫–ª–∞—Å—Å–∞ –ø–æ –ø–∏–∑–¥–µ–∂—É,–Ω–æ –∏ –æ–Ω –≤–µ–¥—å –º–∞—Å—Å—É –ø–æ–ª–µ–∑–Ω–æ–≥–æ —Å–¥–µ–ª–∞–ª)
63976,–û–ø—Ä–µ–¥–µ–ª—ë–Ω–Ω–æ  
64692,Hwa≈Çu na wysoko≈õƒái Rzeƒái Pospolitej ≈õpiewajmy razem, wierni!
63976,—á–µ—Å—Ç–Ω–æ, –Ω–µ –∑–Ω–∞—é, –Ω–æ —Å—É–¥—è –ø–æ –≤–∏–∫–∏ —Ç—ã –ø—Ä–∞–≤, —è –ø—Ä–æ—Å—Ç–æ –Ω–µ –ø–æ–º–Ω—é, —Ç–∞–∫ –∫–∞–∫ –≥–æ–¥ –Ω–∞–∑–∞–¥ —á–∏—Ç–∞–ª
63976,—Ä—É–∫–æ—è—Ç—å—é –æ—Ç –ø—Ä—É—Å—Å–∫–æ–π —Å–∞–±–ª–∏
64703,–õ–µ–Ω–∏–Ω
64703,–í —Ü–∞—Ä—è —Ü–µ–ª–∏—Ç—Å—è
64636,–î–∂–æ–Ω –§–∏—Ü–¥–∂–µ—Ä–∞–ª–¥?
64145,–í–∞—Ä—Ñ–æ–ª–æ–º–µ–µ–≤—Å–∫–∞—è –Ω–æ—á—å?
64703,—Ä–æ–º–∞–Ω –≤ —Å—Ç–∏—Ö–∞—Ö "–õ–∏–±–µ—Ä–∞–ª" (–ö —Å—Ç–æ–ª–µ—Ç–∏—é –§–µ–≤—Ä–∞–ª—å—Å–∫–æ–π —Ä–µ–≤–æ–ª—é—Ü–∏–∏ 1917 –≥–æ–¥–∞) 
63976,–Ω—É —á—Ç–æ —Å–∫–∞–∑–∞—Ç—å- –ù–∏–∫–æ–ª–∞–π –≤–∏–¥–∏–º–æ –∑–∞ —Å–≤–æ–π –±–∞–∑–∞—Ä –æ—Ç–≤–µ—Ç–∏–ª
64678,–∫—Å—Ç–∞—Ç–∏, –∫–∞–∫ —Å—á–∏—Ç–∞–µ—à—å, –º–æ–∂–Ω–æ –ª–∏ —Å–ª–æ–≤–æ "–ø–∏–∑–¥–µ–∂" –∑–∞–º–µ–Ω–∏—Ç—å —Å–ª–æ–≤–æ—Å–æ—á–µ—Ç–∞–Ω–∏–µ–º "–æ—Ä–∞—Ç–æ—Ä—Å–∫–æ–µ –º–∞—Å—Ç–µ—Ä—Å—Ç–≤–æ"?
64636,–¥–∞–≤–∞–π—Ç–µ –ø—Ä–æ –ª–µ–¥–æ—Ä—É–± –ø–æ—à—É—Ç–∏–º?
64703,–¢–æ–Ω–∫–æ,—Ç–æ–Ω–∫–æ)
64715,–ë–µ—Ä–ª–∏–Ω—Å–∫–∞—è —Å—Ç–µ–Ω–∞?
63976,—ç—Ç–æ –ø–æ–∫—É—à–µ–Ω–∏—è –Ω–∞ –Ω–µ–≥–æ –∏–ª–∏ —á—Ç–æ ?
64722,–ù—É —Ç–∞–∫ –Ω–∞–º –Ω–æ—Ä–º
63976,–Ω—É —ç—Ç–æ —è –Ω–µ –ø–æ–º–Ω—é, —è –∫–Ω–∏–≥—É –ø—Ä–æ –ö–æ–ª—é —á–∏—Ç–∞–ª, –ø–æ—ç—Ç–æ–º—É —Ä–∞—Å—Å–∫–∞–∑—ã–≤–∞—é
64678,–ù–∞–¥–µ—é—Å—å –Ω–∏ —É –∫–æ–≥–æ –Ω–µ –ø—Ä–∏–≥–æ—Ä–∏—Ç 
64636,–º–æ–∂–µ—Ç –±—ã—Ç—å —É –∫–æ–≥–æ –Ω–∏–±—É–¥—å —Å–º–µ—à–Ω–µ–µ –ø–æ–ª—É—á–∏—Ç—Å—è?
64643,–ø–æ—Ç–æ–º—É —á—Ç–æ –µ—Å–ª–∏ –ø–æ—Å—Ç–∞–≤–∏—Ç—å –∏–º –∏—Ö —Ä—Ç—ã –≤–º–µ—Å—Ç–æ –≥–ª–∞–∑ - –Ω–∏—á–µ–≥–æ –Ω–µ –∏–∑–º–µ–Ω–∏—Ç—Å—è
64692,–ü–æ–ª—å—à–∞-—ç—Ç–æ —Ü–µ–Ω—Ç—Ä –º–∏—Ä–∞.
64636,—Ç—ã —É–∂–µ –ø–æ—à—É—Ç–∏–ª
64692,–Ω–æ —á—Ç–æ —Ö–∞—Ä–∞–∫—Ç–µ—Ä–Ω–æ, –ª–∞–π–∫–æ–≤ –±–æ–ª—å—à–µ –≤—Å–µ–≥–æ —Å–æ–±–∏—Ä–∞–µ—Ç –∫–æ–Ω—Ç–µ–Ω—Ç –ø—Ä–æ –≤–≤2.
64145,–¥–∞
64643,-–¥–æ —Å–≤–∏–¥–∞–Ω–∏—è,—è —É—Ö–æ–∂—É –≤ –æ—Ç—Å—Ç–∞–≤–∫—É,—Ç–æ–≤–∞—Ä–∏—â–∏ 
63976,—Ç–æ–∂–µ —Å–∞–º–æ–µ, –Ω–æ —Å–µ–ø–ø—É–∫—É –º–æ–≥—É—Ç –¥–µ–ª–∞—Ç—å —Ç–æ–ª—å–∫–æ —Å–∞–º—É—Ä–∞–∏
64678,–∞–Ω–∞–ª–æ–≥–∏—á–Ω–æ. –ù–∏–∫–∏—Ç–∞ –°–µ—Ä–≥–µ–µ–≤–∏—á –ø–µ—Ä–µ–¥–∞–ª –≤—Å—é –≤–ª–∞—Å—Ç—å –Ω–æ–º–µ–Ω–∫–ª–∞—Ç—É—Ä–µ, –∞ —Ç–∞ –Ω–∞—á–∞–ª–∞ –∏–∑–≥–æ–ª—è—Ç—å—Å—è –Ω–∞–¥ —Å—Ç—Ä–∞–Ω–æ–π.
64616,—Ç–∞–∫ —Ç—Ä–µ–±—É—é –ø–æ–¥—Å–∫–∞–∑–∫–∏ –ø–∏–∫—á–∏!
64636,–∫—Ä–æ–º–µ –ª–µ–¥–æ—Ä—É–±–∞
64703,—à–æ–∫–∏—Ä—É—é—â–µ–µ —Ñ–æ—Ç–æ, –õ–µ–Ω–∏–Ω –ø–∏–∑–¥–∏—Ç –æ—Ä—É–∂–∏–µ —É –≥–µ—Ä–º–∞–Ω–∏–∏ –¥–ª—è —Ä–µ–≤–æ–ª—é—Ü–∏–∏
64636,–Ω–∏—á–µ–≥–æ –≤ –≥–æ–ª–æ–≤—É –Ω–µ –ø—Ä–∏—Ö–æ–¥–∏—Ç
64692,–Ω–æ —á—Ç–æ —Ö–∞—Ä–∞–∫—Ç–µ—Ä–Ω–æ, –ª–∞–π–∫–æ–≤ –±–æ–ª—å—à–µ –≤—Å–µ–≥–æ —Å–æ–±–∏—Ä–∞–µ—Ç –∫–æ–Ω—Ç–µ–Ω—Ç –ø—Ä–æ –≤–≤2.
64722,–£ –≤–∞—Å –ø–∏–≤–æ, —Å–∏–≥–∞—Ä–µ—Ç—ã, –≤–æ–¥–æ—á–∫–∞... –£ –Ω–∞—Å –¥–æ–º, —É—á–µ–±–∞ –∏ –±—É—Ç—ã–ª–æ—á–∫–∞!
64643,–ü–æ—á–µ–º—É –ï–ª—å—Ü–∏–Ω –∏ –¢—Ä–∞–º–ø –ø–æ—Ö–æ–∂–∏?
64643,-–¥–æ —Å–≤–∏–¥–∞–Ω–∏—è,—è —É—Ö–æ–∂—É –≤ –æ—Ç—Å—Ç–∞–≤–∫—É,—Ç–æ–≤–∞—Ä–∏—â–∏ 
63976,–°—É–¥—è –ø–æ —Å–æ–±—ã—Ç–∏—è–º –≤ –û—Ü—É, –æ–Ω —Ç–æ–∂–µ —Å–µ–±—è –Ω–µ –æ—á–µ–Ω—å –≤–µ–ª...
64678,–∞–Ω–∞–ª–æ–≥–∏—á–Ω–æ. –ù–∏–∫–∏—Ç–∞ –°–µ—Ä–≥–µ–µ–≤–∏—á –ø–µ—Ä–µ–¥–∞–ª –≤—Å—é –≤–ª–∞—Å—Ç—å –Ω–æ–º–µ–Ω–∫–ª–∞—Ç—É—Ä–µ, –∞ —Ç–∞ –Ω–∞—á–∞–ª–∞ –∏–∑–≥–æ–ª—è—Ç—å—Å—è –Ω–∞–¥ —Å—Ç—Ä–∞–Ω–æ–π.
63976,–æ–Ω —Å–æ–≤–µ—Ä—à–∏–ª —Å—É–∏—Ü–∏–¥-–∂–∏–≤–æ—Ç —Ä–∞–∑—Ä–µ–∑–∞–ª.
64692,Hwa≈Çu na wysoko≈õƒái Rzeƒái Pospolitej ≈õpiewajmy razem, wierni!
63976,—ç—Ç–æ –ø–æ–∫—É—à–µ–Ω–∏—è –Ω–∞ –Ω–µ–≥–æ –∏–ª–∏ —á—Ç–æ ?
63976,—á–µ—Å—Ç–Ω–æ, –Ω–µ –∑–Ω–∞—é, –Ω–æ —Å—É–¥—è –ø–æ –≤–∏–∫–∏ —Ç—ã –ø—Ä–∞–≤, —è –ø—Ä–æ—Å—Ç–æ –Ω–µ –ø–æ–º–Ω—é, —Ç–∞–∫ –∫–∞–∫ –≥–æ–¥ –Ω–∞–∑–∞–¥ —á–∏—Ç–∞–ª
64630,–¶–µ–∑–∞—Ä—å –∏ –ö—Ä–∞—Å—Å?
64636,—Ç—ã —É–∂–µ –ø–æ—à—É—Ç–∏–ª
64636,–º–æ–∂–µ—Ç –±—ã—Ç—å —É –∫–æ–≥–æ –Ω–∏–±—É–¥—å —Å–º–µ—à–Ω–µ–µ –ø–æ–ª—É—á–∏—Ç—Å—è?
63976,—Ç–æ–∂–µ —Å–∞–º–æ–µ, –Ω–æ —Å–µ–ø–ø—É–∫—É –º–æ–≥—É—Ç –¥–µ–ª–∞—Ç—å —Ç–æ–ª—å–∫–æ —Å–∞–º—É—Ä–∞–∏
64661,üòåüëç
64692,–ü–æ–ª—å—à–∞-—ç—Ç–æ —Ü–µ–Ω—Ç—Ä –º–∏—Ä–∞.
64643,–î–∞ —ç—Ç–æ –æ–Ω –Ω–µ –∑–∞–∫—É—Å–∏–ª –ø—Ä–æ—Å—Ç–æ.
64703,—Ä–æ–º–∞–Ω –≤ —Å—Ç–∏—Ö–∞—Ö "–õ–∏–±–µ—Ä–∞–ª" (–ö —Å—Ç–æ–ª–µ—Ç–∏—é –§–µ–≤—Ä–∞–ª—å—Å–∫–æ–π —Ä–µ–≤–æ–ª—é—Ü–∏–∏ 1917 –≥–æ–¥–∞) 
63976,–û–ø—Ä–µ–¥–µ–ª—ë–Ω–Ω–æ  
64145,–¥–∞
63976,–∏ –ø–æ–ª–∏—Ü–µ–π—Å–∫–∏–π –µ–≥–æ —É–¥–∞—Ä–∏–ª?)
64636,–±–æ–∂–µ, –ø—Ä–∏–¥—É–º–∞–π —á—Ç–æ-—Ç–æ –ø–æ —Å–º–µ—à–Ω–µ–µ, –ø–æ —Ä–∞—Å–∫–∏–Ω—å –º–æ–∑–≥–∞–º–∏
64616,–Ω–∞–¥–æ —Å—Ä–∞–∑—É —Ä—É–∫—É –ª–æ–º–∞—Ç—å.
64612,–ö—ç–ø, —Ç—ã —Å–µ–π—á–∞—Å –∫–∞–∫ –Ω–∏–∫–æ–≥–¥–∞ –Ω—É–∂–µ–Ω.
64678,–∫—Å—Ç–∞—Ç–∏, –∫–∞–∫ —Å—á–∏—Ç–∞–µ—à—å, –º–æ–∂–Ω–æ –ª–∏ —Å–ª–æ–≤–æ "–ø–∏–∑–¥–µ–∂" –∑–∞–º–µ–Ω–∏—Ç—å —Å–ª–æ–≤–æ—Å–æ—á–µ—Ç–∞–Ω–∏–µ–º "–æ—Ä–∞—Ç–æ—Ä—Å–∫–æ–µ –º–∞—Å—Ç–µ—Ä—Å—Ç–≤–æ"?
64692,–ø–æ–ª—å—à–∞ —ç—Ç–æ –¥—ã—Ä—è–≤–∞—è —Ö—Ä–µ–Ω—å –º–∏—Ä–∞
63976,—è –≤–∏–¥–∏–º–æ –æ—à–∏–±—Å—è, —è –ø–æ—Å–º–æ—Ç—Ä–µ–ª –µ—â–µ —Ä–∞–∑, –ø–æ –æ–¥–Ω–æ–π –∏–∑ –≤–µ—Ä—Å–∏–π –æ–Ω –æ—Ç–∫–∞–∑–∞–ª—Å—è –ø—Ä–∏–Ω–∏–º–∞—Ç—å –ø–∏—â—É –∏ –∑–∞–º–æ—Ä–∏–ª —Å–µ–±—è –≥–æ–ª–æ–¥–æ–º.
64636,–ª—É—á—à–∏–π –∫–æ–º–µ–Ω—Ç –ø–æ –º–Ω–µ–Ω–∏—é –æ–¥–º–µ–Ω–∞ –æ–±–Ω—É–ª—è—è
64627,–ê –µ—Å—Ç—å –ª–∏ —Ç–∞–∫–∞—è –∫–∞—Ä—Ç–∞, —Ç–æ–ª—å–∫–æ –≤—Å–µ–π –ï–≤—Ä–æ–ø—ã –∏ –≤ —Ö–æ—Ä–æ—à–µ–º –∫–∞—á–µ—Å—Ç–≤–µ?
64678,–Ω–µ-–∞,–ø–∏–∑–¥–µ–∂ - —Å–∞–º–æ–µ —Ç–æ.
64703,–í —Ü–∞—Ä—è —Ü–µ–ª–∏—Ç—Å—è
63976,–ø–æ–ª–∏—Ü–µ–π—Å–∫–∏–π-–°—É–¥–∞ –°–∞–Ω–¥–∑–æ, –≤—Ä–æ–¥–µ. –ë—ã–≤—à–∏–π —Å–∞–º—É—Ä–∞–π
63976,—Ö–∞—Ä–∞–∫–∏—Ä–∏ —á—Ç–æ –ª–∏))$$
64678,–Ω—É —É –∫–∞–∂–¥–æ–≥–æ —Å–≤–æ–∏ + –∏ - . :D
64616,–ê –∫—É–ª–∞–∫–æ–≤ –º–æ–∂–Ω–æ —Å–æ—Å–ª–∞—Ç—å 
64145,#–ø—Ä–æ—Ç–µ—Å—Ç–∞–Ω—Ç—ã–Ω–µ–Ω—É–∂–Ω—ã
64678,–ù–∞–¥–µ—é—Å—å –Ω–∏ —É –∫–æ–≥–æ –Ω–µ –ø—Ä–∏–≥–æ—Ä–∏—Ç 
64715,–ë–µ—Ä–ª–∏–Ω—Å–∫–∞—è —Å—Ç–µ–Ω–∞?
64643,–ø–æ—Ç–æ–º—É —á—Ç–æ –µ—Å–ª–∏ –ø–æ—Å—Ç–∞–≤–∏—Ç—å –∏–º –∏—Ö —Ä—Ç—ã –≤–º–µ—Å—Ç–æ –≥–ª–∞–∑ - –Ω–∏—á–µ–≥–æ –Ω–µ –∏–∑–º–µ–Ω–∏—Ç—Å—è
64661,—Ä–æ–º–º–µ–ª—å?
64630,–û–∫—Ç–∞–≤–∏–∞–Ω –ê–≤–≥—É—Å—Ç –∏ –ú–∞—Ä–∫ –ê–Ω—Ç–æ–Ω–∏–π.
64722,–ù—É —Ç–∞–∫ –Ω–∞–º –Ω–æ—Ä–º
64612,–ª–∏–ø—Ç–æ–Ω
64616,–∫—É–ª–∞–∫–∏ –º–æ–∂–Ω–æ —Å–ª–æ–º–∞—Ç—å –µ—Å–ª–∏ –æ–Ω–∏ –∫–ª–∞—Å—Å
64678,–≤–µ—á–Ω–∞—è –∞–≥–∞
64643,–ê–ª–∫–∞—à
64636,–û–±–Ω—É–ª—è–π., —Å–ø—Å
64678,–ó–∞–≤—Ç—Ä–∞ –Ω–∞ –ø–∞—Ä–∞—Ö –±—É–¥–µ—Ç —Å–µ–º–∏–Ω–∞—Ä –ø–æ –ö—É–∫—É—Ä—É–∑–≤–µ–ª—å—Ç—É. 22 —Å—ä–µ–∑–¥. –ù–∏–∫–∏—Ç–∫–∞ –¥–µ–ª –Ω–∞–≤–æ—Ä–æ—Ç–∏–ª, –∫–æ–Ω–µ—á–Ω–æ))0 –°—Ç–æ–ª—å–∫–æ –Ω–∞–ø–∏–∑–¥–µ—Ç—å, —ç—Ç–æ –∂–µ –Ω–∞–¥–æ –±—ã–ª–æ –ø–æ—Å—Ç–∞—Ä–∞—Ç—å—Å—è, —É –Ω–µ–≥–æ –ø—Ä—è–º –ø—è—Ç–∏–ª–µ—Ç–∫–∞ –ø–æ –ø–∏–∑–¥–µ–∂—É –±—ã–ª–∞ –ø–µ—Ä–µ–≤—ã–ø–æ–ª–Ω–µ–Ω–∞)
64703,–†–æ–∂–∞ –¥–∏ –ö–∞–ø—Ä–∏–æ, —à–æ –∑–∞ —Ö—Ä–µ–Ω—å?
63976,–Ω—É —ç—Ç–æ —è –Ω–µ –ø–æ–º–Ω—é, —è –∫–Ω–∏–≥—É –ø—Ä–æ –ö–æ–ª—é —á–∏—Ç–∞–ª, –ø–æ—ç—Ç–æ–º—É —Ä–∞—Å—Å–∫–∞–∑—ã–≤–∞—é
63976,–∞ —Ç–∞–º –≤–æ–æ–±—â–µ —Å–ª–æ–∂–Ω–∞—è —Å–∏—Ç—É–∞—Ü–∏—è, –∫—Ç–æ-—Ç–æ –≥–æ–≤–æ—Ä–∏—Ç —á—Ç–æ –¶—É–¥–∞ —Å–∞–º –Ω–∞–ø–∞–ª, –∫—Ç–æ-—Ç–æ —á—Ç–æ –µ–≥–æ –ö–æ–ª—è –æ–±–∏–¥–µ–ª.
64745,–¢–†–£ –ó–ï –ì–ï–ô–¢–° –û–§ –•–≠–õ. –ê–° –£–ò –ì–û–¢ –ê–£–≠–† –≠–ô –¢–£ –•–ï–ê–í–ï–ù, –¢–†–£ –ó–ï –ù–ê–ó–ò –õ–ê–ê–ê–ê–ê–ê–ô–ù–°.–ü—Ä–ò–º–û –≤–ò–∫–¢–æ–†–∏–ô–ê–ê–ê–ê!!!!!
63976,—ç—Ç–æ —Ç–æ–∂–µ –≤–µ—Ä–Ω–æ, –Ω–æ –≤–æ –≤—Ä–µ–º—è —Å–µ–ø–ø—É–∫–∏ –Ω–∞–∑–Ω–∞—á–∞–µ—Ç—Å—è –∫–∞–π—Å—è–∫—É, –∫–æ—Ç–æ—Ä—ã–π –∏ –æ—Ç—Ä—É–±–∞–µ—Ç –≥–æ–ª–æ–≤—É
63976,—Å–µ–ø–ø—É–∫—É
63976,–Ω—É —Å–ø–æ—Ä–∏—Ç—å –Ω–µ –±—É–¥—É, —è –≤–∑—è–ª –∏–∑ –ª–µ–≤–æ–π —Å—Ç–∞—Ç—å–∏ –≤ –∏–Ω—Ç–µ—Ä–Ω–µ—Ç–µ, –∫–Ω–∏–≥–∞ –∫–∞–∫ –∏—Å—Ç–æ—á–Ω–∏–∫ –ø–æ–ª—É—á—à–µ
63976,–Ω—É —É –ø–∞—Ü–∞–Ω–æ–≤ —Å–≤–æ–∏ –¥–µ–ª–∞ –≤–∏–¥–∏–º–æ –±—ã–ª–∏, –∂–∞–ª—å —Å–∞–º—É—Ä–∞—è, –ø—Ä–æ—á–µ–ª —á—Ç–æ –æ–Ω –æ—Ç–∫–∏–Ω—É–ª—Å—è –Ω–∞ –∑–æ–Ω–µ
64145,–í–∞—Ä—Ñ–æ–ª–æ–º–µ–µ–≤—Å–∫–∞—è –Ω–æ—á—å?
63976,–Ω–æ—Ä–º–∞–ª—å–Ω–æ —Ç–∞–∫
64636,–î–∂–æ–Ω –§–∏—Ü–¥–∂–µ—Ä–∞–ª–¥?
64678,–∞ –∫–∞–∫ –∂–µ —Ü–µ–ª–∏–Ω–∞ –∏ –∫—É–∫—É—Ä—É–∑–∞? –ü–µ—Ä–µ–±–∏–ª —Å–∫–æ—Ç, —á—Ç–æ–±—ã –ø–µ—Ä–µ–≥–Ω–∞—Ç—å –°–®–ê –≤ –ø—Ä–æ–∏–∑–≤–æ–¥—Å—Ç–≤–µ –º—è—Å–∞ - —Ä–µ–∑—É–ª—å—Ç–∞—Ç –±—ã–ª –ø—Ä–µ–¥—Å–∫–∞–∑—É–µ–º)
64703,–õ–µ–Ω–∏–Ω
64692,–ø–æ–ª—å—à–∞ –Ω–µ –º–∏—Ä
64703,–ù–∞ –≤–∏–¥ –∫–∞–∫–æ–π —Ç–æ –≤–Ω–µ–±—Ä–∞—á–Ω—ã–π —Å—ã–Ω –≠–¥–≤–∞—Ä–¥–∞ –ù–æ—Ä—Ç–æ–Ω–∞ –∏ –õ–µ–Ω–∏–Ω–∞
64703,–¢–æ–Ω–∫–æ,—Ç–æ–Ω–∫–æ)
63976,—Ä—É–∫–æ—è—Ç—å—é –æ—Ç –ø—Ä—É—Å—Å–∫–æ–π —Å–∞–±–ª–∏
64630,–∞ —á—Ç–æ –º–µ–∂–¥—É –Ω–∏–º–∏ –±—ã–ª–æ?
63976,–Ω—É —á—Ç–æ —Å–∫–∞–∑–∞—Ç—å- –ù–∏–∫–æ–ª–∞–π –≤–∏–¥–∏–º–æ –∑–∞ —Å–≤–æ–π –±–∞–∑–∞—Ä –æ—Ç–≤–µ—Ç–∏–ª
64678,–¥–∞ —è –≤–æ–æ–±—â–µ —Ç–∞–∫–æ–≥–æ –º–Ω–µ–Ω–∏—è,—á—Ç–æ –ø–æ—Å–ª–µ —Å–º–µ—Ä—Ç–∏ –ò–æ—Å–∏—Ñ–∞ –í–∏—Å—Å–∞—Ä–∏–æ–Ω–æ–≤–∏—á–∞ –≤—Å–µ –ø–æ –ø–∏–∑–¥–µ –Ω–∞—á–∞–ª–æ –∏–¥—Ç–∏ üòÜ
64636,–¥–∞–≤–∞–π—Ç–µ –ø—Ä–æ –ª–µ–¥–æ—Ä—É–± –ø–æ—à—É—Ç–∏–º?
64643,–®–∫—É—Ä–∞ –ø—Ä–æ–ø–∏–≤—à–∞—è —Å—Ç—Ä–∞–Ω—É!
63976,–æ–Ω –ø–æ–ª—É—á–∏–ª –æ—Ç –ø–æ–ª–∏—Ü–µ–π—Å–∫–æ–≥–æ –∑–∞ –Ω–µ—É–≤–∞–∂–µ–Ω–∏–µ, –æ–Ω –∑–∞–¥–µ–ª –µ–≥–æ, –≤—Ä–æ–¥–µ
64692,–ó–∞–µ–±–∞–ª–∏ –ø—Ä–æ –≤—Ç–æ—Ä—É—é –º–∏—Ä–æ–≤—É—é –æ–¥–Ω–æ–æ–±—Ä–∞–∑–Ω–æ–µ –ª–µ–ø–∏—Ç—å–ë–æ–ª—å—à–µ –Ω–∏—á–µ–≥–≥ –∏ –Ω–µ –∑–Ω–∞–µ—Ç–µ
64692,—Ç—É—Ç –Ω–µ –ø—Ä–æ –ü–æ–ª—å—à—É –∏ —Ä–µ—á—å
64678,–Ω–æ –ù–∏–∫–∏—Ç–∞ –∫–æ–Ω–µ—á–Ω–æ –º–∞—Å—Ç–µ—Ä –º–µ–∂–¥—É–Ω–∞—Ä–æ–¥–Ω–æ–≥–æ –∫–ª–∞—Å—Å–∞ –ø–æ –ø–∏–∑–¥–µ–∂—É,–Ω–æ –∏ –æ–Ω –≤–µ–¥—å –º–∞—Å—Å—É –ø–æ–ª–µ–∑–Ω–æ–≥–æ —Å–¥–µ–ª–∞–ª)
63976,—Å–µ–ø–ø–∫—É –ø—Ä–æ–∏–∑–≤–æ–¥–∏—Ç—Å—è —Å –æ—Ç—Ä—É–±–∞–Ω–∏–µ–º –≥–æ–ª–æ–≤—ã, –∞ —Ö–∞—Ä–∞–∫–∏—Ä–∏-–ø—Ä–æ—Å—Ç–æ —Å–∞–º–æ—É–±–∏–π—Å—Ç–≤–æ
63976,–Ω–µ, –æ—Ç –ø–Ω–µ–≤–º–∞–Ω–∏–∏ –∂–µ , –∏–ª–∏ –≥–æ–ª–æ–¥–æ–º —É–º–æ—Ä–∏–ª —Å–µ–±—è
